Inflow(Cs),
5956.4233 ,
6227.9707 ,
7022.107 ,
6142.9233 ,
6718.6685 ,
7951.9863 ,
7832.3604 ,
7423.853 ,
6824.0347 ,
6971.843 ,
7385.694 ,
6905.502 ,
6784.5073 ,
6086.888 ,
6947.9165 ,
6354.473 ,
6310.797 ,
6151.759 ,
6472.1226 ,
6354.513 ,
6922.1157 ,
6624.581 ,
6955.695 ,
6765.0415 ,
5979.563 ,
5959.1953 ,
8506.751 ,
7018.9395 ,
6637.1084 ,
6740.187 ,
6581.4556 ,
6208.1045 ,
6629.5034 ,
5521.4136 ,
6382.93 ,
6263.451 ,
6249.813 ,
6631.8354 ,
5833.5854 ,
6144.8555 ,
6077.4883 ,
5703.0894 ,
6281.744 ,
6181.46 ,
4941.6035 ,
6487.186 ,
6513.804 ,
7375.9966 ,
6215.297 ,
6293.4673 ,
6546.9126 ,
5386.1685 ,
7497.586 ,
6405.0396 ,
6995.493 ,
6060.4614 ,
6364.0107 ,
6268.7637 ,
5917.0293 ,
5260.301 ,
5690.7573 ,
5799.9927 ,
5654.2686 ,
7437.713 ,
7369.9595 ,
7188.999 ,
8248.682 ,
7783.793 ,
6576.236 ,
6499.269 ,
6235.194 ,
6116.1406 ,
6327.495 ,
7005.164 ,
5791.966 ,
5481.144 ,
5906.4077 ,
4832.2256 ,
7714.542 ,
7090.287 ,
6996.8438 ,
6682.9126 ,
6713.533 ,
6667.329 ,
6364.797 ,
6039.7114 ,
6717.8335 ,
6573.7974 ,
6255.539 ,
6451.8613 ,
6439.365 ,
6327.6284 ,
6377.2754 ,
7961.0264 ,
8769.009 ,
9233.582 ,
9743.0 ,
9374.688 ,
8159.649 ,
10190.512 ,
10585.694 ,
10634.546 ,
9111.819 ,
10088.76 ,
10068.554 ,
10647.769 ,
12719.879 ,
14304.36 ,
16504.78 ,
19074.684 ,
18543.287 ,
18834.367 ,
22007.53 ,
18018.951 ,
17737.367 ,
19580.318 ,
21696.168 ,
23211.082 ,
26583.053 ,
27600.887 ,
22000.98 ,
15122.374 ,
13402.401 ,
13298.226 ,
15094.821 ,
20374.531 ,
22847.02 ,
17123.996 ,
14481.101 ,
16951.418 ,
18816.486 ,
20549.135 ,
19004.686 ,
17425.816 ,
19886.371 ,
27075.05 ,
29460.36 ,
28071.75 ,
30650.88 ,
32522.47 ,
29997.623 ,
34370.12 ,
39526.844 ,
30846.207 ,
25473.363 ,
23889.545 ,
24140.373 ,
21981.795 ,
18379.516 ,
14733.83 ,
12197.719 ,
8691.567 ,
10199.239 ,
13110.752 ,
8469.392 ,
7924.3687 ,
9528.568 ,
12867.927 ,
16368.31 ,
20588.318 ,
23696.68 ,
25712.62 ,
22051.094 ,
19898.064 ,
25030.55 ,
33977.17 ,
39478.453 ,
39208.56 ,
51692.426 ,
41622.637 ,
37765.508 ,
30863.043 ,
31908.29 ,
30250.748 ,
31058.918 ,
35595.047 ,
40198.59 ,
37191.77 ,
43390.6 ,
47091.586 ,
49817.926 ,
56451.723 ,
48889.582 ,
34971.5 ,
33339.883 ,
36936.855 ,
36093.613 ,
37414.254 ,
45395.992 ,
46400.41 ,
48848.293 ,
51941.76 ,
34478.668 ,
27362.025 ,
32982.785 ,
38545.023 ,
40548.25 ,
43329.53 ,
45698.74 ,
61549.2 ,
60981.79 ,
58477.84 ,
44526.21 ,
33283.934 ,
32444.77 ,
36762.86 ,
36977.926 ,
44242.83 ,
44875.434 ,
59318.926 ,
57475.594 ,
63117.23 ,
63462.863 ,
58910.035 ,
59446.773 ,
65227.35 ,
82945.89 ,
67990.9 ,
61622.09 ,
66317.19 ,
69346.72 ,
55963.44 ,
61386.836 ,
47788.71 ,
30450.73 ,
33844.08 ,
33077.49 ,
35864.668 ,
44136.832 ,
55395.6 ,
47293.676 ,
46853.465 ,
47207.53 ,
45199.79 ,
43692.805 ,
43982.383 ,
46690.81 ,
36062.656 ,
31704.81 ,
29145.684 ,
28105.0 ,
28103.307 ,
26108.049 ,
28824.271 ,
25982.203 ,
26512.963 ,
30162.025 ,
22675.271 ,
17147.064 ,
25938.19 ,
22746.262 ,
17584.145 ,
23839.312 ,
21153.488 ,
21324.139 ,
21790.8 ,
23169.305 ,
21959.19 ,
26782.795 ,
22340.014 ,
29791.469 ,
22601.336 ,
20447.178 ,
22819.793 ,
37370.645 ,
24265.26 ,
19996.273 ,
19465.305 ,
17477.102 ,
16954.04 ,
16171.584 ,
14508.876 ,
14633.69 ,
11799.135 ,
10699.604 ,
11047.416 ,
10960.285 ,
8514.503 ,
9232.231 ,
8134.2925 ,
7984.0283 ,
8188.7773 ,
8126.732 ,
7776.5254 ,
7629.2905 ,
8076.7163 ,
8471.79 ,
8370.844 ,
8639.837 ,
9161.448 ,
7809.207 ,
8953.515 ,
8208.6875 ,
8063.6694 ,
8522.156 ,
7893.797 ,
8602.135 ,
8099.9316 ,
8193.086 ,
8012.5435 ,
7569.0176 ,
7796.7373 ,
8224.471 ,
8467.401 ,
8128.087 ,
8083.2065 ,
8011.157 ,
8161.302 ,
8704.902 ,
9455.813 ,
7749.8535 ,
7568.587 ,
8551.391 ,
8260.329 ,
7950.289 ,
7465.064 ,
7387.9907 ,
7286.72 ,
7400.527 ,
7460.4263 ,
6617.722 ,
6718.4243 ,
6706.3013 ,
8590.937 ,
6828.428 ,
7070.026 ,
6670.6655 ,
6518.1177 ,
6324.732 ,
5930.9336 ,
6094.9424 ,
7228.6416 ,
6717.185 ,
7306.1104 ,
6704.822 ,
7050.751 ,
6604.533 ,
6505.946 ,
6756.8853 ,
6772.54 ,
6545.4243 ,
6622.1646 ,
6448.9604 ,
6256.0723 ,
6154.091 ,
6106.319 ,
6529.7607 ,
6024.008 ,
6090.4287 ,
5847.6807 ,
5786.226 ,
5685.871 ,
5859.7104 ,
5621.178 ,
5655.0103 ,
5469.2476 ,
6230.1206 ,
6280.4917 ,
6303.5205 ,
6288.088 ,
5704.586 ,
6135.385 ,
6340.4 ,
9347.148 ,
5719.0503 ,
5372.384 ,
5887.8877 ,
5854.2466 ,
6027.4907 ,
5506.5273 ,
5727.4507 ,
5600.2505 ,
5693.951 ,
5395.5103 ,
5534.5137 ,
7010.5615 ,
8629.931 ,
6391.7085 ,
5508.1177 ,
6401.73 ,
6173.997 ,
5813.986 ,
6015.31 ,
6085.8486 ,
5837.3345 ,
6000.9927 ,
5637.0415 ,
5624.9497 ,
5575.4624 ,
7262.1587 ,
5960.71 ,
5872.4287 ,
5690.664 ,
5545.113 ,
5585.44 ,
6746.131 ,
6100.5884 ,
5966.7783 ,
5673.9214 ,
5798.438 ,
6768.4263 ,
5172.633 ,
5509.8457 ,
5454.517 ,
6018.153 ,
6462.9624 ,
6859.2886 ,
7332.4575 ,
6046.206 ,
6110.0103 ,
5613.786 ,
6110.717 ,
5848.6846 ,
5911.694 ,
6258.262 ,
5337.623 ,
5617.9043 ,
5583.4985 ,
5569.692 ,
5505.4214 ,
5287.652 ,
5291.797 ,
5506.203 ,
5158.5107 ,
4877.5415 ,
5010.583 ,
4946.4146 ,
6812.7295 ,
7347.539 ,
5908.762 ,
6023.715 ,
5876.0493 ,
5663.7705 ,
5517.353 ,
5298.0024 ,
6348.9604 ,
5344.9976 ,
5304.1553 ,
5259.466 ,
5138.827 ,
5867.0137 ,
7760.76 ,
7461.8877 ,
6163.855 ,
5615.7627 ,
6269.697 ,
6685.7334 ,
8019.935 ,
6104.009 ,
5765.996 ,
6474.179 ,
6643.461 ,
9481.492 ,
10331.879 ,
9623.674 ,
8164.114 ,
7124.5728 ,
8677.663 ,
8102.326 ,
7471.6743 ,
7535.887 ,
7498.19 ,
7267.769 ,
6929.783 ,
6794.605 ,
7668.898 ,
8583.948 ,
8949.081 ,
9937.953 ,
8776.45 ,
8739.393 ,
8860.6045 ,
9337.509 ,
9864.849 ,
9766.439 ,
10203.328 ,
10100.865 ,
10966.671 ,
10516.83 ,
9439.743 ,
10757.675 ,
10447.145 ,
9141.552 ,
9188.143 ,
8523.9375 ,
9552.619 ,
13278.684 ,
13073.584 ,
17155.22 ,
18925.498 ,
17450.635 ,
13126.358 ,
12019.519 ,
16273.813 ,
18295.885 ,
21160.133 ,
24571.592 ,
24097.889 ,
26101.072 ,
28873.883 ,
28370.656 ,
26565.74 ,
26900.555 ,
25708.262 ,
24185.34 ,
22752.055 ,
26008.725 ,
27980.127 ,
24943.908 ,
25684.09 ,
26375.68 ,
23482.682 ,
21982.023 ,
21581.695 ,
23614.607 ,
21422.209 ,
18088.184 ,
18267.756 ,
21962.328 ,
23882.9 ,
18195.482 ,
14850.38 ,
16023.501 ,
42081.027 ,
43718.344 ,
27823.598 ,
18987.725 ,
18188.207 ,
17034.287 ,
20788.668 ,
23420.967 ,
27510.58 ,
27441.584 ,
28583.012 ,
29971.736 ,
30616.041 ,
31052.146 ,
31571.031 ,
26685.4 ,
23636.936 ,
24128.824 ,
25929.686 ,
34211.863 ,
30983.047 ,
31752.51 ,
41364.324 ,
34965.51 ,
28771.23 ,
24716.277 ,
25246.867 ,
24785.623 ,
28317.727 ,
32601.574 ,
38019.934 ,
35013.72 ,
28937.434 ,
32864.28 ,
32147.584 ,
31258.312 ,
32252.96 ,
38130.188 ,
46902.78 ,
62037.855 ,
53122.137 ,
49119.63 ,
47606.43 ,
61592.477 ,
55015.69 ,
50751.203 ,
46823.28 ,
44511.434 ,
53298.52 ,
50863.55 ,
54478.08 ,
54189.215 ,
65378.566 ,
63905.727 ,
83822.63 ,
62889.426 ,
44792.332 ,
33338.914 ,
32528.3 ,
35047.13 ,
32098.605 ,
34706.07 ,
35099.656 ,
34859.65 ,
29890.432 ,
33001.598 ,
36627.473 ,
37727.492 ,
36936.37 ,
32407.936 ,
32138.361 ,
36850.38 ,
31131.078 ,
32884.93 ,
30779.025 ,
31643.139 ,
29243.693 ,
24597.236 ,
26367.365 ,
28161.43 ,
36277.195 ,
41428.33 ,
34993.55 ,
33358.28 ,
37860.715 ,
32586.535 ,
27554.766 ,
29080.576 ,
31219.951 ,
33945.242 ,
32139.727 ,
29765.49 ,
26895.564 ,
24896.297 ,
19192.518 ,
17335.045 ,
16933.32 ,
17337.281 ,
17270.03 ,
16332.234 ,
15532.831 ,
17215.967 ,
16780.613 ,
16745.602 ,
16448.879 ,
15998.76 ,
12889.522 ,
10033.636 ,
10112.808 ,
7385.996 ,
8988.617 ,
8582.696 ,
6715.2925 ,
7479.8345 ,
7191.1265 ,
7975.0903 ,
8353.506 ,
8228.687 ,
8675.349 ,
9089.808 ,
10163.881 ,
10570.302 ,
9129.899 ,
9367.6875 ,
8270.204 ,
8847.406 ,
8635.154 ,
9586.556 ,
10014.904 ,
7572.4736 ,
7747.4194 ,
7796.551 ,
8153.528 ,
8461.648 ,
8770.4795 ,
9002.61 ,
8639.708 ,
8711.53 ,
8843.267 ,
8557.841 ,
9012.229 ,
7977.4224 ,
7840.756 ,
8238.14 ,
8299.105 ,
8969.894 ,
8734.622 ,
8670.267 ,
8194.867 ,
8536.287 ,
8476.814 ,
8057.4814 ,
7723.5244 ,
7480.2876 ,
7218.642 ,
7269.0396 ,
7193.77 ,
6792.8413 ,
7465.4995 ,
6907.381 ,
7037.504 ,
6659.009 ,
6761.208 ,
6353.3804 ,
6574.677 ,
5969.168 ,
6430.0674 ,
5933.088 ,
6236.331 ,
6179.807 ,
6160.932 ,
5987.568 ,
6749.987 ,
6655.477 ,
6417.22 ,
6707.274 ,
6321.205 ,
6326.327 ,
5980.6157 ,
5788.4473 ,
5853.22 ,
5920.4717 ,
5767.4355 ,
5910.974 ,
5741.697 ,
5379.967 ,
5657.236 ,
5613.031 ,
5613.386 ,
5483.361 ,
5631.4663 ,
5546.2236 ,
5429.143 ,
5281.966 ,
5603.52 ,
5689.5713 ,
5716.0205 ,
5917.9087 ,
6119.1924 ,
6407.3364 ,
5912.6133 ,
5738.6006 ,
5670.8784 ,
5721.9863 ,
5647.054 ,
4715.7534 ,
4910.1387 ,
7738.659 ,
5279.212 ,
5930.8223 ,
5911.5737 ,
5284.1426 ,
5487.55 ,
4738.525 ,
4927.7124 ,
5139.711 ,
4841.683 ,
4672.8413 ,
4654.437 ,
5313.6484 ,
5426.0645 ,
5474.6494 ,
5324.0254 ,
5410.0103 ,
5128.1743 ,
5057.6357 ,
5052.629 ,
4788.1763 ,
4931.7236 ,
5118.979 ,
5189.5933 ,
4837.094 ,
4581.2773 ,
4711.6577 ,
4646.583 ,
4630.795 ,
4582.339 ,
4604.879 ,
4297.518 ,
4484.738 ,
4401.9204 ,
4516.358 ,
5511.614 ,
5075.0625 ,
5131.364 ,
4816.9307 ,
4623.0566 ,
4531.777 ,
4591.499 ,
4548.0 ,
4942.9004 ,
4882.2944 ,
4820.707 ,
4499.8145 ,
4537.476 ,
4563.837 ,
4563.104 ,
4563.188 ,
4602.9644 ,
4545.219 ,
4686.479 ,
5242.1187 ,
6306.621 ,
5440.6216 ,
5477.137 ,
5405.9585 ,
5448.8223 ,
5158.253 ,
5072.668 ,
4935.0376 ,
5191.1035 ,
5286.199 ,
4976.1196 ,
4951.3276 ,
4879.909 ,
4673.1436 ,
4675.622 ,
4633.5405 ,
4745.797 ,
4674.094 ,
5526.0957 ,
5995.8574 ,
5421.2134 ,
5425.447 ,
5140.617 ,
5409.8813 ,
5640.524 ,
6283.5654 ,
5236.2993 ,
5770.6562 ,
5601.903 ,
5079.456 ,
4957.138 ,
6240.7065 ,
7288.906 ,
9149.602 ,
5627.988 ,
5279.3584 ,
5773.6016 ,
6026.94 ,
6552.4565 ,
5755.3037 ,
5538.3916 ,
5328.2056 ,
5920.734 ,
6624.3857 ,
6154.7397 ,
5944.4023 ,
5932.9326 ,
6031.3154 ,
6462.1274 ,
6558.96 ,
6324.6167 ,
6812.556 ,
6834.239 ,
8177.2363 ,
8314.564 ,
7796.6177 ,
6363.651 ,
6939.352 ,
7890.1943 ,
7044.0386 ,
7082.6953 ,
8965.744 ,
6974.117 ,
7387.5864 ,
7095.3203 ,
8723.747 ,
9377.212 ,
9229.36 ,
8959.454 ,
9732.425 ,
15138.851 ,
15387.407 ,
15141.942 ,
15861.866 ,
16334.99 ,
18984.74 ,
20963.334 ,
22365.895 ,
24007.242 ,
23123.318 ,
18840.8 ,
12373.741 ,
10843.746 ,
12824.11 ,
14902.317 ,
10617.633 ,
9230.281 ,
10932.456 ,
15342.718 ,
16995.598 ,
16513.783 ,
14614.387 ,
17183.133 ,
18534.354 ,
13138.841 ,
13457.905 ,
22654.68 ,
28955.795 ,
31449.771 ,
29382.025 ,
22517.129 ,
17895.992 ,
14017.341 ,
13438.972 ,
17527.648 ,
17549.793 ,
20560.03 ,
28910.148 ,
31919.447 ,
34066.246 ,
29490.361 ,
29170.97 ,
28997.24 ,
24339.402 ,
20643.002 ,
21041.762 ,
24816.021 ,
23170.084 ,
20891.023 ,
20625.24 ,
21604.355 ,
26311.344 ,
28206.402 ,
25244.695 ,
29720.215 ,
32839.766 ,
30091.701 ,
30942.58 ,
45346.82 ,
29103.365 ,
28918.791 ,
31267.654 ,
40458.13 ,
41874.082 ,
38969.22 ,
40056.344 ,
42928.574 ,
41878.133 ,
45712.188 ,
43995.117 ,
45206.51 ,
45717.004 ,
37243.875 ,
38790.105 ,
30672.346 ,
37711.812 ,
53041.37 ,
40140.227 ,
39668.12 ,
40840.97 ,
37690.504 ,
41595.11 ,
36396.863 ,
39501.332 ,
43724.26 ,
28661.36 ,
27172.803 ,
26116.64 ,
28716.188 ,
31170.79 ,
30785.74 ,
31587.506 ,
36648.312 ,
39031.016 ,
42071.71 ,
52067.22 ,
43852.02 ,
37693.832 ,
38874.9 ,
68580.76 ,
60091.613 ,
53566.637 ,
49401.31 ,
44733.883 ,
36701.727 ,
39656.527 ,
33488.863 ,
45824.33 ,
39309.633 ,
33037.152 ,
27156.553 ,
27902.291 ,
28663.627 ,
33641.902 ,
30069.281 ,
30081.412 ,
27174.236 ,
33254.465 ,
24929.002 ,
22798.092 ,
26579.59 ,
25829.113 ,
21530.605 ,
19102.572 ,
19495.47 ,
18554.197 ,
20629.7 ,
18581.094 ,
16337.865 ,
18619.996 ,
13523.331 ,
17181.047 ,
10040.974 ,
10951.172 ,
8592.918 ,
7143.8877 ,
8606.8 ,
10168.991 ,
9270.646 ,
10625.575 ,
10328.991 ,
9968.421 ,
10085.301 ,
8427.656 ,
8677.308 ,
6486.764 ,
7676.6675 ,
8688.577 ,
8024.191 ,
8546.056 ,
9834.148 ,
9136.808 ,
8420.361 ,
8020.7036 ,
7325.079 ,
6980.514 ,
8443.959 ,
8077.1963 ,
7387.373 ,
8166.037 ,
7042.6924 ,
6444.225 ,
6659.982 ,
6962.985 ,
6823.2354 ,
7181.478 ,
6947.8013 ,
7595.316 ,
6890.4736 ,
7389.359 ,
6833.124 ,
7038.3926 ,
7413.747 ,
7319.424 ,
7299.0293 ,
7389.4033 ,
7312.7207 ,
6857.0234 ,
6756.8276 ,
7039.2275 ,
6666.712 ,
6392.601 ,
8029.348 ,
7156.557 ,
6258.5425 ,
6610.695 ,
6453.2695 ,
6317.5 ,
6397.6255 ,
5954.3574 ,
5765.512 ,
5853.549 ,
6321.7646 ,
5603.0444 ,
5690.5977 ,
5640.502 ,
5798.025 ,
5752.971 ,
5801.641 ,
5874.841 ,
6124.9053 ,
5635.9795 ,
5213.1416 ,
5232.7324 ,
5762.5312 ,
6056.974 ,
5911.192 ,
5682.9077 ,
5319.814 ,
5418.593 ,
5910.0234 ,
6204.746 ,
5798.327 ,
5368.6123 ,
5854.9263 ,
5290.7485 ,
5158.0977 ,
4995.0396 ,
5052.4204 ,
5193.911 ,
5634.1675 ,
5403.9507 ,
5290.251 ,
5543.6646 ,
5233.674 ,
5462.1934 ,
5463.6904 ,
5142.252 ,
6413.7285 ,
5881.5396 ,
5558.053 ,
5757.276 ,
5776.027 ,
5311.0317 ,
5708.1978 ,
5543.9004 ,
5815.221 ,
5369.061 ,
5259.5015 ,
5248.9688 ,
5370.483 ,
5110.685 ,
4981.4507 ,
5434.407 ,
5027.93 ,
5145.89 ,
4649.626 ,
4595.688 ,
4904.4126 ,
4824.909 ,
5267.4087 ,
4623.5586 ,
4600.601 ,
4609.77 ,
5831.955 ,
5883.41 ,
5364.5967 ,
5004.213 ,
5261.5713 ,
6598.736 ,
5483.001 ,
5190.7437 ,
5253.162 ,
5588.15 ,
5126.4375 ,
5257.027 ,
5350.1235 ,
5244.6865 ,
5267.902 ,
4685.6304 ,
5057.005 ,
4756.72 ,
4752.487 ,
4458.5684 ,
4613.404 ,
4567.5107 ,
4540.675 ,
4485.462 ,
6078.199 ,
4581.0415 ,
5670.4873 ,
6252.643 ,
6281.344 ,
6265.8765 ,
5725.767 ,
5384.5557 ,
5603.6 ,
5679.243 ,
5705.8833 ,
5327.757 ,
5273.0728 ,
5399.9395 ,
4929.818 ,
4781.1885 ,
5153.4067 ,
5207.3267 ,
5222.3994 ,
5276.111 ,
5040.5107 ,
6937.153 ,
11940.626 ,
15735.532 ,
7290.3096 ,
7724.915 ,
7771.8164 ,
7094.698 ,
6406.239 ,
6415.621 ,
6674.135 ,
9103.415 ,
7314.191 ,
7145.3804 ,
7301.3794 ,
6923.4663 ,
6973.2866 ,
7644.914 ,
7587.9595 ,
7447.2637 ,
8993.806 ,
10144.017 ,
10040.892 ,
9005.898 ,
8794.1 ,
8204.627 ,
7299.3184 ,
6768.9287 ,
7162.1943 ,
7081.8423 ,
7723.6665 ,
10475.957 ,
7791.9175 ,
8996.818 ,
8611.713 ,
7716.7144 ,
9131.077 ,
10004.778 ,
9125.417 ,
8608.025 ,
8957.575 ,
7734.457 ,
7956.3394 ,
8002.477 ,
9661.977 ,
12368.581 ,
12829.447 ,
12350.579 ,
11151.005 ,
10890.677 ,
10818.189 ,
11999.058 ,
12633.759 ,
11387.109 ,
14430.879 ,
15338.255 ,
21391.238 ,
23460.658 ,
17743.389 ,
12640.893 ,
10323.765 ,
12000.968 ,
11058.863 ,
13007.878 ,
13090.0205 ,
15269.813 ,
20683.266 ,
23303.234 ,
22497.406 ,
22191.973 ,
25678.316 ,
29696.77 ,
31110.953 ,
33036.824 ,
36664.29 ,
37481.44 ,
43485.85 ,
45545.23 ,
47084.035 ,
49088.31 ,
44722.78 ,
34516.965 ,
22341.941 ,
20262.098 ,
25603.426 ,
25687.86 ,
27460.135 ,
29260.389 ,
26811.996 ,
28889.156 ,
23935.873 ,
21351.193 ,
23304.236 ,
25739.576 ,
29046.762 ,
26922.23 ,
28293.117 ,
34395.926 ,
34703.656 ,
41021.727 ,
43880.137 ,
48136.832 ,
48864.926 ,
52129.688 ,
50923.523 ,
42833.586 ,
37678.707 ,
38227.598 ,
43126.06 ,
39274.887 ,
29637.818 ,
28077.764 ,
22637.35 ,
20408.082 ,
28454.418 ,
36131.996 ,
42644.285 ,
40169.812 ,
45152.395 ,
42413.816 ,
46426.805 ,
42357.734 ,
39420.45 ,
39678.2 ,
44604.86 ,
48182.21 ,
55119.01 ,
44640.812 ,
32509.955 ,
30443.182 ,
35359.27 ,
34213.695 ,
34539.773 ,
35440.438 ,
33854.918 ,
33527.754 ,
33884.4 ,
32623.686 ,
34521.145 ,
37184.22 ,
38344.586 ,
38287.43 ,
43425.453 ,
37195.98 ,
37567.7 ,
33056.867 ,
31218.781 ,
32224.072 ,
27885.535 ,
27226.049 ,
28312.023 ,
27080.902 ,
27044.436 ,
23676.988 ,
25891.371 ,
28166.988 ,
44222.49 ,
38632.527 ,
34427.543 ,
38337.016 ,
35956.836 ,
43722.74 ,
45714.234 ,
47211.832 ,
47152.59 ,
41602.117 ,
46659.31 ,
60319.688 ,
47596.938 ,
35123.48 ,
30566.67 ,
30155.139 ,
26211.545 ,
25120.379 ,
26705.826 ,
29174.059 ,
29670.684 ,
34268.9 ,
33371.473 ,
41343.785 ,
43016.26 ,
49133.42 ,
48092.324 ,
40612.223 ,
39573.67 ,
40959.78 ,
30365.162 ,
32085.533 ,
22079.408 ,
22110.549 ,
17687.25 ,
35501.28 ,
44946.305 ,
19586.625 ,
20757.574 ,
20699.773 ,
42598.645 ,
37130.46 ,
31703.027 ,
27821.139 ,
26552.48 ,
24932.965 ,
20473.71 ,
19403.715 ,
17352.842 ,
15961.319 ,
13374.008 ,
13378.168 ,
12494.469 ,
11593.48 ,
10196.338 ,
9367.283 ,
10145.691 ,
8264.758 ,
8845.447 ,
8635.941 ,
7783.162 ,
8539.797 ,
7924.382 ,
7684.859 ,
7996.12 ,
7813.8623 ,
8778.294 ,
8060.262 ,
7917.172 ,
8399.576 ,
11165.946 ,
8719.949 ,
9031.13 ,
9016.004 ,
8276.689 ,
8528.723 ,
8418.5625 ,
9228.071 ,
8273.655 ,
8211.255 ,
7729.6016 ,
8077.1606 ,
7952.297 ,
7366.2324 ,
7605.4 ,
7660.484 ,
7230.4897 ,
7448.601 ,
7723.5557 ,
7030.281 ,
7177.027 ,
7296.1465 ,
7466.499 ,
7205.342 ,
6815.737 ,
5993.0054 ,
7711.3394 ,
7170.39 ,
7445.749 ,
7215.479 ,
7075.059 ,
7080.6206 ,
7222.418 ,
7129.9165 ,
6652.2563 ,
6795.236 ,
6973.233 ,
6608.718 ,
6107.2075 ,
6492.659 ,
6394.338 ,
6536.4907 ,
6521.076 ,
5942.7144 ,
6091.917 ,
6107.4517 ,
6632.453 ,
6092.921 ,
5781.033 ,
5513.866 ,
6011.712 ,
5890.6953 ,
5750.266 ,
5732.586 ,
5416.62 ,
5415.6694 ,
5484.8936 ,
5598.176 ,
5799.0376 ,
6122.76 ,
5707.2646 ,
5798.7847 ,
5665.472 ,
5632.528 ,
5360.35 ,
5705.3813 ,
5621.3955 ,
5484.174 ,
5398.3804 ,
5178.532 ,
5319.4497 ,
5851.6655 ,
4876.413 ,
5002.4536 ,
4789.8906 ,
4890.8413 ,
6153.447 ,
5883.9165 ,
5638.387 ,
5400.397 ,
4472.699 ,
4979.927 ,
5353.069 ,
5849.8975 ,
5738.6094 ,
4979.327 ,
5017.2817 ,
5357.1294 ,
4882.5034 ,
5314.9985 ,
4974.4717 ,
4517.313 ,
4684.8354 ,
4511.44 ,
4606.678 ,
4608.1396 ,
5134.416 ,
4870.349 ,
5414.7324 ,
5307.447 ,
5138.2407 ,
5164.508 ,
4826.517 ,
4843.98 ,
4727.5967 ,
4721.542 ,
4552.398 ,
4542.6025 ,
5248.9956 ,
5237.1436 ,
5161.3584 ,
4996.5854 ,
5275.4404 ,
5288.4604 ,
5860.6035 ,
4057.7861 ,
4825.331 ,
5236.7524 ,
5320.085 ,
5228.583 ,
4967.4175 ,
5313.093 ,
4966.169 ,
4938.6445 ,
4723.239 ,
4776.382 ,
4505.705 ,
4397.687 ,
4486.8076 ,
6509.304 ,
7956.935 ,
6057.6846 ,
5305.297 ,
5240.644 ,
5287.55 ,
5570.9937 ,
5819.0503 ,
5293.347 ,
5292.8896 ,
5811.4673 ,
6802.5566 ,
11425.4795 ,
11509.652 ,
6722.769 ,
6121.938 ,
7159.6177 ,
6703.485 ,
6715.5854 ,
6365.2544 ,
6617.8423 ,
6119.33 ,
5246.161 ,
5927.4463 ,
6062.9976 ,
6616.9316 ,
6446.357 ,
6302.25 ,
5466.2314 ,
5760.3545 ,
5828.57 ,
6135.5977 ,
6986.329 ,
6444.358 ,
8358.21 ,
8595.778 ,
7536.247 ,
6817.993 ,
7905.258 ,
9969.713 ,
11768.306 ,
8705.676 ,
6692.89 ,
7718.487 ,
7758.5117 ,
7792.162 ,
7179.639 ,
6709.4907 ,
7126.8823 ,
8222.813 ,
9984.22 ,
12763.397 ,
11301.019 ,
11318.412 ,
12830.74 ,
14658.35 ,
13314.469 ,
13467.076 ,
12997.714 ,
10846.696 ,
11895.462 ,
12862.444 ,
10914.454 ,
7896.16 ,
11996.808 ,
16032.785 ,
18613.7 ,
20730.223 ,
18597.887 ,
15506.04 ,
11416.38 ,
12485.502 ,
16808.152 ,
19587.701 ,
19518.783 ,
13887.946 ,
11063.07 ,
13154.697 ,
13355.919 ,
15416.842 ,
21369.99 ,
23385.982 ,
29122.168 ,
29623.965 ,
31601.326 ,
25827.26 ,
24263.934 ,
26047.246 ,
33199.11 ,
34149.72 ,
38418.633 ,
39062.117 ,
40151.164 ,
43771.895 ,
40767.223 ,
36939.33 ,
35818.547 ,
30479.713 ,
30610.156 ,
37621.99 ,
27189.672 ,
30264.176 ,
43441.07 ,
46230.555 ,
45846.586 ,
48743.824 ,
54371.383 ,
46989.11 ,
47666.027 ,
50611.047 ,
51612.797 ,
55366.902 ,
53417.77 ,
46507.79 ,
43650.367 ,
41743.715 ,
37832.234 ,
39390.195 ,
42933.26 ,
41765.875 ,
41829.08 ,
44554.074 ,
35991.875 ,
30746.225 ,
33486.8 ,
38424.938 ,
32728.29 ,
33015.04 ,
43389.438 ,
47108.44 ,
41961.324 ,
41243.17 ,
41040.547 ,
32581.867 ,
39085.67 ,
37861.37 ,
51015.895 ,
57154.457 ,
39488.24 ,
36223.46 ,
32798.74 ,
38979.81 ,
36597.688 ,
31232.57 ,
32007.354 ,
46796.535 ,
33828.977 ,
36593.94 ,
44061.258 ,
45783.05 ,
36645.13 ,
34240.203 ,
44290.414 ,
48771.23 ,
37873.086 ,
41910.887 ,
47145.703 ,
37367.06 ,
45747.53 ,
47665.844 ,
46442.27 ,
45425.42 ,
43764.637 ,
64273.066 ,
50750.387 ,
50305.633 ,
59178.293 ,
49185.06 ,
51969.1 ,
40116.125 ,
38751.29 ,
46770.254 ,
42992.543 ,
38848.086 ,
33103.848 ,
29907.87 ,
32684.242 ,
34566.586 ,
34447.402 ,
29542.99 ,
28595.805 ,
40526.67 ,
55645.94 ,
37002.22 ,
27714.305 ,
23762.775 ,
24215.725 ,
27364.332 ,
29119.87 ,
35970.203 ,
48744.008 ,
35457.72 ,
36846.375 ,
41788.445 ,
33188.383 ,
32255.678 ,
46764.266 ,
49696.742 ,
31556.865 ,
27264.541 ,
28675.943 ,
28775.791 ,
21846.05 ,
25764.633 ,
21861.574 ,
24836.217 ,
21142.445 ,
22780.887 ,
22071.77 ,
20392.262 ,
23300.904 ,
21172.36 ,
18791.674 ,
18233.066 ,
17645.71 ,
17971.02 ,
26502.914 ,
26431.838 ,
17955.057 ,
17090.072 ,
16478.676 ,
10215.854 ,
12464.335 ,
12836.779 ,
8242.697 ,
8139.5347 ,
8462.959 ,
8051.7905 ,
7354.518 ,
7068.6045 ,
8168.7603 ,
9699.107 ,
8536.394 ,
8893.042 ,
8323.68 ,
7873.651 ,
8887.143 ,
8178.7197 ,
7811.144 ,
8659.365 ,
9293.373 ,
8398.466 ,
8400.904 ,
8219.633 ,
7731.5737 ,
8371.314 ,
7434.532 ,
7073.535 ,
8223.258 ,
7889.3545 ,
7729.4946 ,
7279.146 ,
7694.632 ,
7215.2393 ,
6883.277 ,
7565.93 ,
7509.1226 ,
7045.438 ,
7380.6387 ,
8130.2056 ,
8260.005 ,
7682.1626 ,
6766.556 ,
6759.4043 ,
6708.2515 ,
7030.9116 ,
6597.4434 ,
6680.6025 ,
6779.9985 ,
6885.6846 ,
6714.875 ,
6783.695 ,
7551.946 ,
6922.5776 ,
6652.6606 ,
6618.793 ,
6727.535 ,
6443.19 ,
6346.0415 ,
6169.817 ,
6537.8013 ,
6545.4644 ,
5642.692 ,
5855.526 ,
6068.8613 ,
6057.2715 ,
5923.426 ,
5949.609 ,
5798.9536 ,
5414.8076 ,
5784.405 ,
6700.9126 ,
6885.898 ,
6099.1133 ,
6219.97 ,
5879.203 ,
6440.458 ,
5981.531 ,
6396.426 ,
5924.7495 ,
5882.051 ,
5981.8286 ,
6183.9033 ,
6069.8213 ,
5779.1543 ,
5725.9355 ,
5566.205 ,
5294.3823 ,
5069.9893 ,
5154.1216 ,
5061.1094 ,
5238.636 ,
5037.5474 ,
4985.053 ,
5224.354 ,
5393.8535 ,
5705.288 ,
5389.4424 ,
5287.532 ,
5409.415 ,
5422.7593 ,
5421.3066 ,
5273.6943 ,
5519.237 ,
4926.5884 ,
4791.752 ,
5123.901 ,
4800.5566 ,
4887.434 ,
5240.4175 ,
4961.2026 ,
4817.144 ,
4760.381 ,
4677.9277 ,
4847.8667 ,
4867.6084 ,
4729.658 ,
6083.0366 ,
8274.424 ,
11331.368 ,
5827.2505 ,
4685.182 ,
5574.5874 ,
5701.8633 ,
5311.138 ,
5547.103 ,
5968.617 ,
7780.9673 ,
5530.853 ,
5278.7363 ,
5332.5015 ,
4674.818 ,
5163.4683 ,
5027.388 ,
4848.6045 ,
4699.2686 ,
5145.6904 ,
5016.1045 ,
5250.2217 ,
4677.83 ,
4966.6357 ,
5402.565 ,
5367.5684 ,
5627.708 ,
5531.666 ,
5528.259 ,
5418.4326 ,
6087.364 ,
6118.122 ,
5323.088 ,
5532.3413 ,
5575.2007 ,
5527.051 ,
5540.164 ,
5861.0254 ,
5640.1997 ,
4943.0605 ,
4927.9653 ,
4576.2085 ,
5057.911 ,
5699.753 ,
6149.1377 ,
6167.0312 ,
5729.9473 ,
5647.121 ,
5720.5605 ,
5989.127 ,
7503.334 ,
6130.96 ,
5664.5703 ,
5128.0103 ,
5433.616 ,
6499.389 ,
7414.4756 ,
9403.621 ,
8703.574 ,
8094.29 ,
7552.777 ,
7870.599 ,
7671.07 ,
6769.3594 ,
6287.7944 ,
5842.9897 ,
5787.066 ,
6349.791 ,
6025.5093 ,
6192.1704 ,
5988.07 ,
6594.6626 ,
7266.73 ,
7368.8574 ,
6873.2373 ,
6640.8223 ,
7786.756 ,
8152.7856 ,
8514.476 ,
7568.7646 ,
6357.8447 ,
5450.47 ,
6562.456 ,
6431.902 ,
6470.2876 ,
6156.223 ,
6484.7695 ,
7038.792 ,
7479.919 ,
7188.599 ,
10935.222 ,
10468.297 ,
8750.88 ,
6695.218 ,
9318.045 ,
7822.4316 ,
7715.173 ,
9379.192 ,
12167.34 ,
10126.883 ,
11758.781 ,
12465.996 ,
8705.503 ,
6537.6235 ,
8096.84 ,
7455.162 ,
8235.604 ,
8595.987 ,
9789.619 ,
9010.056 ,
7752.506 ,
9293.556 ,
13048.252 ,
12852.923 ,
13324.839 ,
16829.32 ,
19237.787 ,
21267.094 ,
21696.596 ,
20410.553 ,
23933.648 ,
23532.287 ,
22285.596 ,
21765.834 ,
19371.967 ,
13493.67 ,
11739.737 ,
12469.601 ,
10635.448 ,
9997.033 ,
11936.22 ,
16797.678 ,
17770.357 ,
14021.294 ,
14067.74 ,
13680.796 ,
12774.272 ,
14622.409 ,
17356.006 ,
16391.684 ,
9517.614 ,
9818.649 ,
9623.744 ,
9618.714 ,
13113.0 ,
23565.16 ,
26790.346 ,
28746.58 ,
33019.816 ,
32629.41 ,
35218.21 ,
32292.383 ,
31987.797 ,
26935.23 ,
22824.232 ,
22246.47 ,
18914.482 ,
12277.684 ,
10773.085 ,
10017.032 ,
11308.162 ,
18837.707 ,
15520.087 ,
23121.36 ,
23873.914 ,
27429.107 ,
32590.283 ,
30750.732 ,
34806.086 ,
42057.332 ,
31049.121 ,
23525.592 ,
21087.662 ,
21163.307 ,
20525.256 ,
22053.574 ,
22568.172 ,
21980.518 ,
22806.936 ,
22551.309 ,
23553.13 ,
19194.992 ,
16873.617 ,
19673.383 ,
18290.197 ,
14288.792 ,
17319.252 ,
22719.525 ,
25662.797 ,
29110.883 ,
34339.766 ,
31810.367 ,
34490.938 ,
29882.744 ,
31048.348 ,
47275.703 ,
19065.97 ,
23875.201 ,
34753.44 ,
33326.117 ,
36867.39 ,
33571.6 ,
29623.924 ,
30624.479 ,
31955.36 ,
30166.256 ,
29020.295 ,
29750.557 ,
39563.023 ,
45152.547 ,
40014.98 ,
27074.773 ,
24673.053 ,
21716.83 ,
26353.23 ,
25114.75 ,
21011.75 ,
32940.53 ,
18757.547 ,
18520.701 ,
17909.836 ,
17273.12 ,
16017.439 ,
15833.434 ,
13429.461 ,
13319.452 ,
12984.268 ,
13576.111 ,
13035.533 ,
13413.174 ,
13285.531 ,
13326.149 ,
14834.337 ,
15748.006 ,
15948.34 ,
16144.379 ,
15259.362 ,
16997.955 ,
28325.838 ,
17149.535 ,
13939.247 ,
9975.075 ,
11999.298 ,
11154.488 ,
10796.076 ,
10692.354 ,
9881.125 ,
7625.3325 ,
7960.382 ,
8643.799 ,
7851.293 ,
9555.209 ,
10323.228 ,
7066.8896 ,
7912.663 ,
10513.452 ,
16062.508 ,
15889.863 ,
12435.854 ,
8061.306 ,
8976.907 ,
8873.549 ,
8354.909 ,
9302.342 ,
20545.586 ,
17344.02 ,
14232.169 ,
10028.394 ,
10272.559 ,
10106.809 ,
8856.073 ,
8804.086 ,
8436.5625 ,
8108.6475 ,
7994.3877 ,
6973.393 ,
7487.0757 ,
8302.441 ,
7870.0083 ,
7667.9204 ,
8104.4272 ,
7173.171 ,
7367.587 ,
7047.988 ,
6862.8027 ,
7394.294 ,
6515.5547 ,
7703.321 ,
6856.508 ,
6765.9834 ,
6877.0845 ,
6060.981 ,
6344.092 ,
6821.907 ,
6442.994 ,
6078.364 ,
6323.537 ,
6249.0312 ,
6143.8516 ,
5697.6694 ,
5977.9727 ,
6197.021 ,
6242.0303 ,
6038.1875 ,
5886.3374 ,
5839.609 ,
5688.7407 ,
5470.6025 ,
5730.6577 ,
5598.167 ,
5513.888 ,
5572.3706 ,
5501.907 ,
5364.9297 ,
5378.2256 ,
5781.2065 ,
6041.506 ,
5484.929 ,
5666.649 ,
5889.967 ,
5781.7173 ,
5874.543 ,
5788.3896 ,
5767.591 ,
5610.6987 ,
5759.3726 ,
5531.515 ,
5353.011 ,
5520.05 ,
5692.37 ,
5320.734 ,
5157.622 ,
5150.9146 ,
6393.1743 ,
5341.492 ,
5435.038 ,
5470.634 ,
5643.0386 ,
5620.8716 ,
5398.491 ,
4400.903 ,
4815.0117 ,
4762.522 ,
4872.2017 ,
4798.6465 ,
5804.5815 ,
5162.78 ,
5480.98 ,
6671.0786 ,
6036.735 ,
5571.509 ,
5525.5005 ,
5484.0806 ,
5415.847 ,
5469.6255 ,
5587.3813 ,
5397.1006 ,
5330.764 ,
5403.2847 ,
5300.113 ,
5088.5806 ,
4678.51 ,
5019.8228 ,
4995.355 ,
5237.8853 ,
5143.5625 ,
5022.8438 ,
5198.838 ,
5053.2686 ,
5388.576 ,
5018.9077 ,
4797.1226 ,
5049.266 ,
5682.779 ,
5430.8223 ,
5518.2285 ,
5576.48 ,
5199.4194 ,
5472.153 ,
5223.6787 ,
5129.618 ,
5165.8184 ,
5233.3765 ,
5605.75 ,
7340.5605 ,
6792.628 ,
6628.7305 ,
6225.3364 ,
7075.4985 ,
7363.296 ,
6495.8887 ,
10131.55 ,
11040.525 ,
6525.767 ,
7196.244 ,
7267.6626 ,
6278.5767 ,
6449.6934 ,
6375.4497 ,
5956.6543 ,
6161.781 ,
6146.681 ,
6033.8164 ,
6118.704 ,
6946.8325 ,
7068.107 ,
6929.8057 ,
7041.3066 ,
7114.9463 ,
6947.7476 ,
6744.136 ,
7063.309 ,
7066.1167 ,
7363.6113 ,
8979.746 ,
7777.5913 ,
7010.1353 ,
7071.523 ,
7955.2646 ,
9678.502 ,
10543.602 ,
10307.244 ,
10716.917 ,
15189.679 ,
12970.902 ,
14292.619 ,
17268.56 ,
13906.835 ,
11624.48 ,
8183.864 ,
7957.4233 ,
8488.298 ,
8749.05 ,
7730.6187 ,
7339.61 ,
7315.8257 ,
7753.7407 ,
7508.0073 ,
7590.8335 ,
8204.738 ,
9447.145 ,
10612.602 ,
7776.0366 ,
9978.322 ,
9519.584 ,
6687.9727 ,
6422.3154 ,
7480.51 ,
9446.882 ,
12951.055 ,
9746.134 ,
10015.249 ,
8915.352 ,
9950.885 ,
10928.236 ,
14160.255 ,
17118.996 ,
18966.525 ,
18176.95 ,
14728.571 ,
17527.344 ,
16037.116 ,
14339.616 ,
13932.488 ,
12466.156 ,
10845.159 ,
12981.941 ,
14460.335 ,
17846.463 ,
18313.723 ,
19830.326 ,
20514.71 ,
23383.807 ,
26011.62 ,
27246.34 ,
24825.758 ,
17813.861 ,
16648.066 ,
16861.482 ,
16230.495 ,
12307.625 ,
16405.451 ,
16165.866 ,
16006.127 ,
13038.834 ,
10616.229 ,
10875.354 ,
11716.9375 ,
12748.516 ,
13201.987 ,
13342.19 ,
13845.218 ,
14102.363 ,
13523.781 ,
15749.527 ,
15264.334 ,
14806.307 ,
13328.037 ,
13850.807 ,
15564.794 ,
19876.14 ,
22442.656 ,
24465.332 ,
24217.1 ,
23507.111 ,
19551.309 ,
23491.078 ,
24467.51 ,
28136.838 ,
28338.326 ,
28459.902 ,
27664.814 ,
32292.479 ,
30723.385 ,
31509.0 ,
38700.156 ,
40133.66 ,
41364.277 ,
45576.402 ,
49141.9 ,
49894.664 ,
51449.43 ,
67177.49 ,
59452.94 ,
56844.42 ,
59351.36 ,
56294.914 ,
65220.562 ,
57717.188 ,
55983.688 ,
51760.23 ,
73737.39 ,
71922.12 ,
48392.043 ,
46482.223 ,
49567.414 ,
54924.062 ,
59882.54 ,
58163.8 ,
60125.43 ,
67477.93 ,
72435.38 ,
68036.26 ,
64596.84 ,
56345.945 ,
51213.96 ,
66535.695 ,
50310.176 ,
48746.06 ,
51952.926 ,
47180.348 ,
47337.31 ,
50743.996 ,
56073.01 ,
56049.367 ,
65150.188 ,
59687.133 ,
58513.46 ,
53105.246 ,
56119.67 ,
55312.883 ,
55917.016 ,
55192.137 ,
54165.473 ,
39155.94 ,
32266.346 ,
32148.576 ,
35000.855 ,
34680.57 ,
36383.934 ,
35490.27 ,
38255.5 ,
40648.652 ,
53270.145 ,
44105.824 ,
37286.36 ,
32600.725 ,
30469.312 ,
34040.492 ,
26784.102 ,
32216.113 ,
31950.531 ,
25205.205 ,
32918.016 ,
26035.564 ,
26089.396 ,
22572.482 ,
23924.951 ,
24378.367 ,
24697.469 ,
24433.008 ,
26556.818 ,
25409.668 ,
26346.02 ,
25929.766 ,
25959.977 ,
26505.96 ,
29057.424 ,
24366.79 ,
21023.812 ,
23227.11 ,
19013.217 ,
19239.031 ,
17469.127 ,
22724.064 ,
39358.26 ,
35989.664 ,
29616.777 ,
23280.205 ,
24730.168 ,
22578.59 ,
19190.695 ,
19671.451 ,
21363.432 ,
21270.512 ,
16259.339 ,
15392.442 ,
12986.882 ,
11943.371 ,
12327.483 ,
9039.095 ,
9727.984 ,
9111.562 ,
8429.988 ,
7268.4355 ,
7313.8936 ,
8437.052 ,
8254.967 ,
8086.547 ,
8962.75 ,
7537.3975 ,
9436.273 ,
8206.809 ,
7681.0386 ,
8253.989 ,
8675.1045 ,
8475.544 ,
8758.708 ,
9728.106 ,
8481.407 ,
8435.98 ,
9551.973 ,
8661.404 ,
8351.085 ,
8178.6265 ,
8210.73 ,
8721.504 ,
7403.334 ,
8126.852 ,
8016.7056 ,
8128.229 ,
7725.7056 ,
7754.758 ,
7661.999 ,
7561.9277 ,
6883.1973 ,
7825.5503 ,
7466.65 ,
7512.934 ,
6841.502 ,
7065.424 ,
6908.114 ,
7345.0425 ,
7259.5376 ,
6791.415 ,
6811.8276 ,
7082.3267 ,
6609.0557 ,
6201.3345 ,
6219.819 ,
6721.4053 ,
6967.187 ,
6408.669 ,
6708.5938 ,
6296.426 ,
6398.4297 ,
6018.224 ,
6040.391 ,
6196.2173 ,
6103.92 ,
6112.7334 ,
6095.222 ,
5934.305 ,
5622.1064 ,
6373.504 ,
6460.9634 ,
6360.297 ,
6235.207 ,
6218.788 ,
6313.156 ,
5998.7803 ,
5780.9355 ,
6220.339 ,
5701.046 ,
5881.14 ,
5784.152 ,
5823.2437 ,
5401.401 ,
5619.459 ,
5390.775 ,
5833.381 ,
5813.031 ,
5491.628 ,
5455.0103 ,
5516.376 ,
5236.2417 ,
5519.8765 ,
5351.812 ,
5315.9136 ,
5316.0737 ,
4882.1304 ,
4755.632 ,
7175.223 ,
7487.4 ,
6195.435 ,
5345.9746 ,
5631.7285 ,
5398.851 ,
5310.299 ,
5667.0625 ,
5508.713 ,
5376.453 ,
5652.2427 ,
5477.8525 ,
5372.877 ,
5421.5376 ,
5963.944 ,
8780.239 ,
7196.9907 ,
5835.078 ,
5785.1157 ,
5464.388 ,
5457.8047 ,
5725.5757 ,
5662.851 ,
5692.663 ,
5367.7505 ,
5163.597 ,
5243.6245 ,
4928.281 ,
5446.468 ,
4933.3364 ,
5623.226 ,
6167.5425 ,
6226.5625 ,
5613.937 ,
5539.107 ,
5787.3013 ,
5699.4287 ,
5845.4907 ,
5693.281 ,
5968.8926 ,
5705.839 ,
5634.3716 ,
5505.4834 ,
5379.576 ,
5944.3003 ,
5932.5503 ,
6341.8438 ,
5465.1655 ,
5237.3345 ,
5197.4297 ,
5047.6094 ,
5571.7935 ,
6231.866 ,
6080.762 ,
5910.5923 ,
6068.9326 ,
5903.5425 ,
5943.1187 ,
5758.862 ,
5580.5356 ,
5423.359 ,
5542.5454 ,
5229.654 ,
5167.435 ,
4995.701 ,
4931.3506 ,
4786.297 ,
4774.254 ,
5129.5913 ,
5609.606 ,
6405.5015 ,
10898.662 ,
11747.667 ,
5530.5156 ,
5077.8345 ,
5979.279 ,
5933.9585 ,
6191.0864 ,
6117.1533 ,
6298.5625 ,
6215.5366 ,
6429.108 ,
5958.391 ,
5575.649 ,
5819.1035 ,
5676.942 ,
6064.2905 ,
5450.1416 ,
5834.2607 ,
6884.3564 ,
6630.8936 ,
6494.7734 ,
6263.6953 ,
6129.974 ,
6301.166 ,
6978.8125 ,
7247.6367 ,
7994.974 ,
9182.234 ,
8656.424 ,
6784.197 ,
7588.888 ,
6159.8438 ,
6657.441 ,
7068.955 ,
6931.209 ,
6623.2886 ,
6803.414 ,
7175.61 ,
6284.956 ,
6998.6294 ,
9979.642 ,
9931.465 ,
10446.965 ,
13994.245 ,
17149.498 ,
18395.04 ,
19667.098 ,
24023.723 ,
24265.826 ,
20552.102 ,
16192.096 ,
15703.299 ,
13356.197 ,
24574.748 ,
31420.283 ,
34339.89 ,
36225.707 ,
35945.645 ,
33551.344 ,
32319.174 ,
33485.266 ,
32283.744 ,
34821.01 ,
37929.152 ,
38052.48 ,
32539.924 ,
28782.545 ,
29415.09 ,
29038.076 ,
32205.54 ,
28705.855 ,
34395.387 ,
42556.242 ,
43027.16 ,
44156.758 ,
44914.492 ,
44146.055 ,
40493.867 ,
37823.37 ,
33704.586 ,
28793.15 ,
23166.63 ,
24835.297 ,
19799.354 ,
15737.301 ,
13273.675 ,
15901.183 ,
24024.707 ,
24772.992 ,
21511.863 ,
19633.832 ,
14033.277 ,
11238.092 ,
9401.362 ,
9961.518 ,
13594.738 ,
6216.8647 ,
7212.1255 ,
6282.477 ,
5394.649 ,
7431.876 ,
10865.502 ,
17827.309 ,
23763.127 ,
27173.74 ,
32740.562 ,
36632.742 ,
33939.234 ,
40936.17 ,
30836.87 ,
38905.383 ,
42449.945 ,
36252.535 ,
39031.92 ,
38719.92 ,
44778.383 ,
50980.625 ,
56201.22 ,
45307.992 ,
46745.29 ,
44267.17 ,
37332.688 ,
31017.564 ,
22200.99 ,
26029.752 ,
29863.164 ,
29444.219 ,
34953.4 ,
52243.406 ,
38658.41 ,
42341.48 ,
49226.195 ,
50330.457 ,
51789.63 ,
51678.67 ,
54776.23 ,
57278.887 ,
54596.773 ,
43197.574 ,
48504.883 ,
48550.168 ,
58890.406 ,
60360.746 ,
67246.96 ,
71326.22 ,
70528.484 ,
66764.15 ,
63091.62 ,
53641.06 ,
50709.996 ,
47305.23 ,
41707.406 ,
42851.06 ,
45611.492 ,
49078.875 ,
38195.3 ,
39446.754 ,
37530.477 ,
47721.703 ,
49309.91 ,
43072.65 ,
46768.65 ,
45272.574 ,
42726.336 ,
49533.89 ,
52874.035 ,
51028.125 ,
24772.436 ,
18091.664 ,
17440.027 ,
32149.686 ,
21811.383 ,
15810.258 ,
11839.669 ,
12283.421 ,
11602.538 ,
9691.613 ,
12876.873 ,
14642.033 ,
17604.248 ,
22139.588 ,
17915.072 ,
13602.423 ,
12790.136 ,
12940.143 ,
10776.6 ,
10428.001 ,
9827.421 ,
12566.681 ,
25454.848 ,
15055.627 ,
8289.839 ,
8281.301 ,
8697.96 ,
8081.9004 ,
8019.1753 ,
11088.32 ,
8837.465 ,
8651.458 ,
8532.916 ,
8623.867 ,
9440.848 ,
9487.807 ,
9953.907 ,
9113.316 ,
9564.798 ,
9617.39 ,
9224.88 ,
11774.059 ,
10318.885 ,
11300.935 ,
11681.515 ,
11357.7705 ,
10796.963 ,
9199.954 ,
9034.99 ,
8397.555 ,
8859.836 ,
8173.158 ,
7978.4355 ,
8565.366 ,
8878.894 ,
7336.2427 ,
8883.58 ,
8115.4795 ,
7935.3545 ,
8167.832 ,
7730.494 ,
7805.44 ,
6600.344 ,
7559.4443 ,
7206.1772 ,
7331.6357 ,
7316.75 ,
6629.805 ,
7457.339 ,
6899.838 ,
7048.161 ,
6376.0093 ,
6597.177 ,
6636.122 ,
6664.033 ,
6658.88 ,
6497.1367 ,
6741.9907 ,
6974.246 ,
6897.026 ,
6973.2065 ,
7045.1045 ,
7007.2607 ,
7188.8213 ,
6717.656 ,
7414.298 ,
7109.3486 ,
6396.4214 ,
6737.6284 ,
6357.7427 ,
6132.8125 ,
6086.5376 ,
6017.682 ,
6068.115 ,
6119.81 ,
6154.531 ,
5983.379 ,
5870.625 ,
5848.9824 ,
7191.4644 ,
6491.517 ,
5575.8267 ,
6346.677 ,
6663.46 ,
6122.2134 ,
5664.8857 ,
5611.8047 ,
5498.2646 ,
5248.2446 ,
5523.235 ,
5543.878 ,
5816.8735 ,
5342.008 ,
5148.222 ,
5261.2695 ,
5285.746 ,
5321.209 ,
6100.9526 ,
5957.3916 ,
4892.4585 ,
5828.019 ,
5742.332 ,
6052.807 ,
5285.653 ,
5396.257 ,
5806.0254 ,
5642.5366 ,
5093.5024 ,
5753.331 ,
5055.8633 ,
5056.076 ,
4739.8486 ,
5161.6294 ,
5726.9087 ,
5370.6025 ,
5116.0605 ,
5275.951 ,
4863.8145 ,
4835.535 ,
4647.68 ,
4933.003 ,
4864.943 ,
4621.813 ,
4261.824 ,
4877.737 ,
4813.1147 ,
4612.1597 ,
4842.367 ,
4988.8867 ,
5320.3384 ,
5456.0366 ,
5231.484 ,
5145.761 ,
4936.006 ,
4895.817 ,
5140.5684 ,
5022.675 ,
4661.8687 ,
5053.1045 ,
4879.3003 ,
5017.975 ,
4587.0166 ,
4753.0156 ,
4678.3584 ,
5336.091 ,
4822.2705 ,
6206.4434 ,
6653.656 ,
7651.6885 ,
5621.249 ,
5451.652 ,
5136.219 ,
5165.592 ,
5134.505 ,
5233.4165 ,
4961.1626 ,
4896.523 ,
5241.6523 ,
4873.57 ,
4944.353 ,
5173.641 ,
5567.271 ,
5680.114 ,
6369.9854 ,
9047.42 ,
10454.492 ,
6362.674 ,
6069.208 ,
5624.461 ,
5805.0396 ,
6094.418 ,
5874.845 ,
5976.6533 ,
5733.0166 ,
5861.9536 ,
5900.699 ,
8947.362 ,
21021.76 ,
11149.715 ,
9362.316 ,
7816.195 ,
7751.031 ,
7576.854 ,
8578.845 ,
9540.212 ,
10921.511 ,
9820.013 ,
9092.456 ,
8908.044 ,
7859.6934 ,
9160.16 ,
8074.704 ,
8126.772 ,
8948.814 ,
8703.602 ,
9973.043 ,
9407.548 ,
9520.106 ,
9309.034 ,
8780.208 ,
8961.284 ,
8624.608 ,
9312.475 ,
9297.962 ,
8322.845 ,
8498.288 ,
7833.3906 ,
9162.945 ,
9771.619 ,
10771.257 ,
12382.415 ,
13548.723 ,
13792.635 ,
13528.788 ,
12193.447 ,
11310.55 ,
11698.7705 ,
11538.32 ,
11195.961 ,
10870.183 ,
9457.229 ,
9236.095 ,
7818.851 ,
9388.182 ,
9185.375 ,
11789.18 ,
12350.3125 ,
14701.145 ,
14220.173 ,
12955.29 ,
11731.368 ,
14543.785 ,
19233.018 ,
16269.564 ,
17483.44 ,
16757.004 ,
17696.826 ,
15807.857 ,
13360.963 ,
11832.222 ,
17077.986 ,
19831.512 ,
20146.807 ,
19270.635 ,
23592.75 ,
26862.596 ,
23558.979 ,
18651.355 ,
16227.623 ,
13575.863 ,
11537.982 ,
9799.112 ,
8864.8955 ,
7543.1724 ,
8002.2104 ,
7161.399 ,
7415.364 ,
8510.367 ,
10097.249 ,
13201.975 ,
13194.238 ,
11492.927 ,
13828.4795 ,
18075.447 ,
23498.338 ,
28944.158 ,
32582.604 ,
35753.965 ,
37878.664 ,
42429.887 ,
43206.74 ,
44789.164 ,
35947.8 ,
25645.42 ,
21808.67 ,
16995.52 ,
17890.05 ,
15837.649 ,
17454.814 ,
23142.904 ,
21134.512 ,
29032.688 ,
31309.84 ,
33225.934 ,
35167.684 ,
34405.562 ,
33536.43 ,
35286.62 ,
43421.406 ,
42868.34 ,
36693.25 ,
32306.86 ,
34344.137 ,
32030.12 ,
50439.883 ,
38516.75 ,
29690.172 ,
33454.76 ,
32605.652 ,
30015.787 ,
28357.396 ,
21400.174 ,
22339.43 ,
20551.996 ,
22410.914 ,
23512.08 ,
28605.861 ,
28831.889 ,
32215.441 ,
37528.746 ,
36270.62 ,
37405.76 ,
38484.03 ,
39639.37 ,
35162.47 ,
31353.658 ,
29754.363 ,
30837.004 ,
32556.406 ,
35117.25 ,
42376.926 ,
35071.46 ,
37258.02 ,
35108.418 ,
30641.477 ,
30424.887 ,
31069.828 ,
34780.156 ,
43047.355 ,
120387.35 ,
67168.195 ,
55382.75 ,
46064.047 ,
31904.277 ,
33703.51 ,
24205.482 ,
37198.95 ,
35340.58 ,
38361.82 ,
34074.68 ,
34952.9 ,
35316.258 ,
40079.17 ,
32221.47 ,
33314.934 ,
30146.668 ,
27373.146 ,
28958.285 ,
28647.887 ,
26781.645 ,
38901.156 ,
32004.557 ,
31433.96 ,
27331.238 ,
25867.08 ,
18149.248 ,
16595.55 ,
14335.105 ,
15474.893 ,
13763.84 ,
10677.803 ,
9967.001 ,
12919.692 ,
9252.289 ,
9310.127 ,
15510.833 ,
13983.903 ,
14641.218 ,
19367.824 ,
16254.393 ,
17695.715 ,
9752.124 ,
9959.186 ,
9301.327 ,
9743.473 ,
10424.817 ,
8808.457 ,
9514.636 ,
8329.628 ,
7636.9355 ,
8227.078 ,
8343.781 ,
8309.038 ,
8008.949 ,
7960.8887 ,
8035.5273 ,
8345.967 ,
9061.342 ,
7241.8354 ,
7758.4985 ,
7943.195 ,
7239.5166 ,
7172.9976 ,
8156.326 ,
8332.596 ,
8144.7676 ,
7550.9775 ,
8292.153 ,
7386.1294 ,
5595.302 ,
6773.6772 ,
7284.7607 ,
6837.273 ,
7163.327 ,
6410.3525 ,
6899.3535 ,
6878.1196 ,
6410.0195 ,
6594.0674 ,
6638.1436 ,
6445.047 ,
6556.188 ,
6035.8867 ,
6123.5547 ,
5703.3823 ,
6615.639 ,
6116.2383 ,
6222.8306 ,
6101.8896 ,
5655.992 ,
5941.546 ,
6146.5347 ,
6020.1167 ,
6090.9707 ,
6024.732 ,
5882.206 ,
6092.5435 ,
5847.2363 ,
5969.608 ,
6133.759 ,
5783.512 ,
6102.0054 ,
5773.49 ,
5931.7554 ,
5893.5293 ,
5984.5605 ,
5836.4507 ,
6114.5327 ,
5520.72 ,
5859.639 ,
5349.555 ,
5732.972 ,
5579.434 ,
5704.475 ,
5747.245 ,
5609.415 ,
5404.213 ,
5288.443 ,
5302.125 ,
5195.4927 ,
5433.896 ,
5415.945 ,
5461.6206 ,
5400.37 ,
5417.7485 ,
5045.464 ,
4616.651 ,
4777.981 ,
4838.4404 ,
4947.787 ,
4983.3164 ,
5724.6074 ,
5137.299 ,
5363.5703 ,
5783.4985 ,
5625.2695 ,
5132.088 ,
5247.3516 ,
5151.381 ,
4771.242 ,
5053.651 ,
4965.2896 ,
4597.22 ,
4236.4233 ,
4300.2188 ,
4435.8506 ,
4740.044 ,
5171.7666 ,
5281.686 ,
7026.8027 ,
5544.9844 ,
5544.42 ,
4930.338 ,
4765.7827 ,
4448.2666 ,
4766.3867 ,
5034.1626 ,
5630.6533 ,
8598.648 ,
5808.0024 ,
5472.606 ,
5052.0425 ,
5211.3604 ,
4981.4463 ,
4897.114 ,
5137.2275 ,
5029.96 ,
4874.876 ,
4340.5415 ,
5137.4985 ,
4773.854 ,
4237.7295 ,
4107.9395 ,
4430.3955 ,
4507.371 ,
4128.343 ,
4788.607 ,
4973.6143 ,
4335.619 ,
4552.58 ,
4317.5703 ,
4313.6743 ,
5340.062 ,
4932.088 ,
4916.1978 ,
4939.5864 ,
4655.259 ,
4666.427 ,
4209.0547 ,
4327.4854 ,
4342.4736 ,
4405.043 ,
4141.914 ,
4387.4297 ,
4640.444 ,
4568.919 ,
4819.001 ,
4506.776 ,
3968.1812 ,
4303.8657 ,
4150.301 ,
4998.18 ,
6489.9316 ,
6940.067 ,
6086.5864 ,
4988.0693 ,
4940.6436 ,
5735.7354 ,
5410.379 ,
5591.8726 ,
5661.456 ,
5879.576 ,
6955.611 ,
5774.7695 ,
5097.3496 ,
5259.3857 ,
5714.621 ,
6535.469 ,
7100.5 ,
6595.6045 ,
6667.6313 ,
6072.8594 ,
5762.8066 ,
5537.4233 ,
5387.874 ,
5686.5947 ,
6267.6177 ,
6154.824 ,
5780.5625 ,
5629.152 ,
5635.087 ,
5350.8433 ,
5760.426 ,
7106.639 ,
6283.61 ,
6250.3643 ,
6869.1997 ,
6747.201 ,
6640.338 ,
6543.4478 ,
6562.9893 ,
6744.1763 ,
6601.641 ,
7645.0337 ,
8391.775 ,
7783.326 ,
6544.167 ,
9998.694 ,
9109.061 ,
7726.8384 ,
7763.9355 ,
7633.675 ,
7608.6694 ,
8979.906 ,
9591.052 ,
10278.261 ,
11729.603 ,
11332.395 ,
8298.6875 ,
9249.386 ,
9688.52 ,
9394.525 ,
11124.558 ,
12317.371 ,
12705.69 ,
16136.062 ,
17818.555 ,
14986.718 ,
12735.687 ,
12105.846 ,
13359.513 ,
13544.083 ,
12329.55 ,
11850.359 ,
12352.66 ,
12859.431 ,
16403.43 ,
20836.797 ,
22991.06 ,
22438.613 ,
22059.436 ,
21780.049 ,
19534.371 ,
16593.373 ,
22693.512 ,
24168.197 ,
22765.053 ,
23110.547 ,
18974.705 ,
19809.057 ,
18320.734 ,
15144.543 ,
19017.746 ,
19458.75 ,
20879.947 ,
21188.223 ,
20798.5 ,
24451.916 ,
26777.322 ,
33932.887 ,
37734.12 ,
39080.32 ,
37761.992 ,
45259.53 ,
50912.4 ,
50936.21 ,
58976.13 ,
63822.484 ,
53608.164 ,
60462.914 ,
66307.16 ,
62858.273 ,
53687.95 ,
42956.734 ,
41918.543 ,
31364.74 ,
35402.652 ,
34164.195 ,
39307.758 ,
49369.355 ,
48377.66 ,
36432.01 ,
33391.43 ,
31136.992 ,
29679.773 ,
38703.23 ,
41866.367 ,
39401.56 ,
46496.812 ,
45595.324 ,
40422.87 ,
48958.992 ,
36603.883 ,
39364.586 ,
50621.473 ,
43331.33 ,
30771.86 ,
31316.596 ,
32562.682 ,
45311.168 ,
48412.453 ,
38754.477 ,
39090.516 ,
40688.867 ,
35868.21 ,
34688.348 ,
37477.65 ,
35957.2 ,
39713.816 ,
35931.504 ,
36028.96 ,
40590.36 ,
59350.484 ,
50564.05 ,
39602.664 ,
39434.953 ,
37249.91 ,
37712.117 ,
41975.117 ,
36172.676 ,
45188.836 ,
48813.305 ,
42060.184 ,
44793.027 ,
43582.234 ,
44651.37 ,
74557.83 ,
55261.285 ,
60175.41 ,
57993.23 ,
54098.05 ,
41988.23 ,
34667.58 ,
37692.062 ,
33111.78 ,
42180.285 ,
36786.348 ,
32662.365 ,
32360.346 ,
31372.652 ,
34699.387 ,
31304.654 ,
28371.273 ,
24440.771 ,
22962.262 ,
18173.393 ,
19553.46 ,
14468.371 ,
22840.297 ,
21323.533 ,
18829.408 ,
17404.438 ,
14339.736 ,
13573.433 ,
11142.44 ,
11263.314 ,
10563.083 ,
14261.568 ,
12715.179 ,
10849.7705 ,
13516.177 ,
11919.532 ,
14479.135 ,
86956.945 ,
55964.2 ,
42808.387 ,
21920.943 ,
25782.234 ,
23212.293 ,
19915.168 ,
16699.582 ,
15532.24 ,
14439.1455 ,
15422.119 ,
10597.296 ,
12905.55 ,
11485.11 ,
11331.082 ,
11941.419 ,
10951.696 ,
11236.39 ,
11358.389 ,
9751.518 ,
9005.578 ,
8659.982 ,
7770.755 ,
8892.913 ,
9159.299 ,
10967.975 ,
6771.794 ,
8501.727 ,
8638.558 ,
9697.826 ,
8665.424 ,
7479.306 ,
8191.038 ,
8773.656 ,
8129.335 ,
8028.0513 ,
7940.245 ,
7593.952 ,
8162.039 ,
8966.331 ,
9008.186 ,
8208.475 ,
8021.7163 ,
8246.198 ,
8469.231 ,
8042.795 ,
8140.0723 ,
7819.033 ,
7865.482 ,
7558.0054 ,
7834.248 ,
8226.403 ,
7564.176 ,
7895.254 ,
7291.513 ,
7654.1006 ,
6982.624 ,
7040.445 ,
6827.371 ,
6661.439 ,
6959.9507 ,
7814.107 ,
6626.798 ,
6512.3916 ,
6852.963 ,
6712.818 ,
6426.207 ,
6493.7964 ,
6395.218 ,
7756.1616 ,
7315.879 ,
6572.069 ,
6556.357 ,
7198.9453 ,
7422.2183 ,
7206.3237 ,
6332.164 ,
6779.248 ,
6773.1353 ,
6860.2437 ,
6823.0664 ,
6599.3267 ,
6828.85 ,
6875.5474 ,
6206.1455 ,
6639.9204 ,
6590.993 ,
6065.3076 ,
6497.479 ,
6410.4546 ,
6069.5947 ,
5936.575 ,
6745.482 ,
6883.5967 ,
7641.6934 ,
6935.429 ,
5781.3354 ,
6475.7295 ,
5318.206 ,
5723.3325 ,
6473.273 ,
5949.3423 ,
5571.14 ,
5824.2344 ,
5208.2866 ,
5875.889 ,
6299.291 ,
6669.328 ,
5879.923 ,
6837.3574 ,
6482.9214 ,
6195.4575 ,
5654.5527 ,
6044.8867 ,
5427.446 ,
5477.2485 ,
5829.414 ,
5576.4756 ,
5600.4194 ,
5599.5977 ,
5908.824 ,
5901.25 ,
5306.203 ,
5283.0454 ,
5424.772 ,
5608.6284 ,
5658.493 ,
5284.9688 ,
5925.945 ,
5347.9204 ,
5075.16 ,
5154.051 ,
5906.581 ,
6190.2646 ,
5860.3145 ,
6041.737 ,
5838.285 ,
5831.7686 ,
5694.511 ,
5524.19 ,
5900.673 ,
5558.1553 ,
5304.3726 ,
5066.742 ,
5552.5137 ,
6218.34 ,
5725.98 ,
5298.509 ,
5316.0205 ,
5368.937 ,
5069.283 ,
5231.635 ,
5144.7266 ,
4929.5605 ,
5084.0005 ,
4774.6226 ,
4941.057 ,
5829.8496 ,
5435.264 ,
5797.7275 ,
5780.798 ,
5334.1494 ,
4732.7944 ,
5177.0884 ,
5330.844 ,
4812.0757 ,
5428.4546 ,
5261.98 ,
5287.35 ,
5218.1084 ,
4801.094 ,
4589.0376 ,
4686.3413 ,
4226.5083 ,
4427.761 ,
4977.3057 ,
4999.6904 ,
5662.993 ,
5648.973 ,
5484.0806 ,
5563.7437 ,
5387.319 ,
5249.955 ,
5312.6934 ,
5184.045 ,
5102.649 ,
5128.792 ,
5982.375 ,
5161.0693 ,
5650.7856 ,
5320.947 ,
5288.829 ,
5155.0723 ,
5274.2544 ,
5041.4346 ,
5392.4185 ,
5045.1216 ,
6030.138 ,
6443.772 ,
7405.622 ,
7142.115 ,
7818.9224 ,
6509.3843 ,
6076.9287 ,
6867.627 ,
5857.898 ,
6306.297 ,
6299.7754 ,
6095.4175 ,
6263.664 ,
6282.4683 ,
5877.9727 ,
6165.197 ,
6543.15 ,
8611.757 ,
7433.3105 ,
6557.6094 ,
5695.555 ,
5779.9893 ,
5843.056 ,
6605.2974 ,
7635.1187 ,
11543.737 ,
11308.939 ,
9790.71 ,
12173.89 ,
13026.76 ,
10243.506 ,
9829.835 ,
9435.954 ,
8390.337 ,
8925.746 ,
8980.452 ,
7774.5884 ,
8977.7295 ,
8615.364 ,
7740.0273 ,
9118.967 ,
10968.401 ,
14140.531 ,
16447.984 ,
20557.049 ,
25050.967 ,
27112.594 ,
27722.078 ,
26578.74 ,
25664.168 ,
25251.684 ,
23268.184 ,
19665.512 ,
17755.238 ,
18336.209 ,
18969.559 ,
16816.326 ,
14094.054 ,
11747.78 ,
16398.506 ,
20208.482 ,
29781.32 ,
32595.803 ,
32252.41 ,
25512.082 ,
18379.518 ,
15111.159 ,
15620.267 ,
17481.021 ,
17632.307 ,
19317.355 ,
16938.807 ,
17237.56 ,
18497.172 ,
16324.64 ,
12696.11 ,
13854.789 ,
13791.904 ,
17804.531 ,
24483.004 ,
27663.477 ,
30583.676 ,
34420.38 ,
38392.0 ,
41693.977 ,
45013.758 ,
45891.21 ,
50319.055 ,
41747.324 ,
29436.963 ,
23779.725 ,
20867.75 ,
17514.166 ,
19754.016 ,
24082.66 ,
26439.01 ,
31957.217 ,
30355.941 ,
30235.674 ,
33523.88 ,
42090.016 ,
43644.047 ,
40655.363 ,
30820.291 ,
29088.973 ,
39206.938 ,
34395.203 ,
37918.414 ,
35759.69 ,
33621.42 ,
33194.867 ,
36312.746 ,
34261.95 ,
35790.938 ,
42772.336 ,
54541.848 ,
49076.902 ,
29802.281 ,
16510.463 ,
40530.566 ,
26845.066 ,
29178.066 ,
32247.217 ,
37651.72 ,
62804.344 ,
38461.965 ,
34406.98 ,
33317.2 ,
32128.12 ,
27509.973 ,
30210.19 ,
31481.613 ,
33780.82 ,
39653.3 ,
34340.6 ,
39137.125 ,
35502.836 ,
33128.945 ,
21764.615 ,
20017.982 ,
22860.098 ,
20050.729 ,
19914.395 ,
20845.086 ,
20264.238 ,
20083.389 ,
18921.969 ,
22984.252 ,
32730.03 ,
42319.426 ,
26389.332 ,
20397.922 ,
31301.672 ,
17543.406 ,
15953.819 ,
13144.402 ,
11090.992 ,
12945.644 ,
57579.574 ,
53389.97 ,
48025.016 ,
62218.81 ,
30440.156 ,
24194.783 ,
18922.764 ,
20344.115 ,
16801.248 ,
14815.751 ,
14545.467 ,
12679.09 ,
13606.1 ,
13320.008 ,
12396.508 ,
12319.128 ,
11994.016 ,
12280.275 ,
11428.934 ,
10088.0625 ,
11061.054 ,
10348.1 ,
9076.663 ,
9385.079 ,
9046.416 ,
11606.996 ,
7425.3813 ,
9591.509 ,
7427.4023 ,
7812.6943 ,
8933.24 ,
7555.171 ,
7331.334 ,
7521.2944 ,
7130.6274 ,
7876.6895 ,
8009.3047 ,
7812.3833 ,
8086.556 ,
8573.643 ,
8185.148 ,
7488.3105 ,
8436.198 ,
7823.689 ,
8046.8286 ,
8127.096 ,
7703.685 ,
7410.6772 ,
7334.141 ,
7348.1387 ,
7827.225 ,
7562.03 ,
7701.904 ,
7074.348 ,
7537.344 ,
6991.8374 ,
7788.7856 ,
7665.3706 ,
7168.529 ,
7322.1914 ,
7324.639 ,
8071.785 ,
7455.371 ,
7699.9004 ,
7697.857 ,
7620.459 ,
7984.5127 ,
10075.706 ,
8367.081 ,
7230.13 ,
6972.567 ,
6820.8765 ,
7053.6562 ,
6590.4556 ,
6636.4155 ,
6634.23 ,
7072.491 ,
6508.931 ,
6126.709 ,
6429.2056 ,
6073.322 ,
6372.6777 ,
6183.4233 ,
6406.43 ,
6290.0913 ,
6200.868 ,
6071.838 ,
6364.8726 ,
6004.595 ,
5980.7134 ,
5520.09 ,
5459.5503 ,
5660.27 ,
5770.545 ,
5651.7275 ,
6013.3154 ,
5981.313 ,
6074.512 ,
6228.9834 ,
6506.492 ,
6162.194 ,
5763.4688 ,
5735.913 ,
5906.3145 ,
6046.7344 ,
5760.0835 ,
5567.595 ,
6065.3164 ,
5792.743 ,
5933.4746 ,
5184.2446 ,
5358.875 ,
5721.7866 ,
5746.5747 ,
6154.8506 ,
4700.3965 ,
5668.2705 ,
5276.582 ,
5770.6206 ,
5334.385 ,
5237.8853 ,
5236.9478 ,
5135.562 ,
6083.0366 ,
5875.849 ,
5013.342 ,
5995.8174 ,
5814.119 ,
5293.8535 ,
5491.939 ,
5910.0146 ,
5666.991 ,
4634.553 ,
5155.574 ,
6144.722 ,
4836.512 ,
5158.311 ,
5031.4707 ,
4793.2715 ,
4930.8486 ,
4975.329 ,
4846.0986 ,
4843.158 ,
4798.682 ,
4540.0083 ,
4575.2847 ,
5022.977 ,
5246.241 ,
5937.1616 ,
5598.9043 ,
5484.014 ,
5934.2607 ,
5700.677 ,
9723.209 ,
7045.8643 ,
4983.0454 ,
5786.164 ,
5248.249 ,
5746.5215 ,
5685.2266 ,
5315.136 ,
4820.1694 ,
5098.158 ,
4742.1543 ,
4636.2856 ,
4043.2112 ,
5515.674 ,
7211.757 ,
6494.7866 ,
6696.5728 ,
6674.0283 ,
5917.0513 ,
5683.472 ,
5803.209 ,
6593.903 ,
5913.5864 ,
6197.745 ,
6560.6035 ,
6921.4497 ,
5866.1426 ,
5389.5933 ,
5431.7373 ,
7151.115 ,
5882.455 ,
6222.16 ,
5919.819 ,
6146.619 ,
6233.3945 ,
6598.1675 ,
6366.747 ,
6385.96 ,
6537.8594 ,
6924.266 ,
8466.459 ,
9890.625 ,
7485.8315 ,
6765.8013 ,
7492.029 ,
7918.105 ,
7981.327 ,
8053.323 ,
7987.058 ,
7639.9565 ,
8800.265 ,
7497.986 ,
6447.7964 ,
6318.562 ,
6307.163 ,
6443.0654 ,
6879.0923 ,
6442.6523 ,
7262.012 ,
8184.4546 ,
9023.725 ,
8509.003 ,
9359.978 ,
9392.544 ,
7541.4136 ,
7617.4385 ,
8565.131 ,
9817.179 ,
10197.549 ,
11602.556 ,
14569.693 ,
12167.056 ,
14246.948 ,
11606.887 ,
8787.88 ,
8838.1045 ,
7291.442 ,
9189.644 ,
11330.593 ,
12060.112 ,
12775.956 ,
14714.229 ,
14068.691 ,
13793.501 ,
19336.291 ,
26555.527 ,
25776.738 ,
27065.621 ,
21271.8 ,
13952.677 ,
15938.528 ,
17603.16 ,
14698.712 ,
11144.11 ,
12294.598 ,
10064.43 ,
9175.068 ,
12755.886 ,
14237.082 ,
11334.291 ,
13536.229 ,
11579.833 ,
14544.456 ,
22951.852 ,
20299.217 ,
21990.262 ,
25800.832 ,
27565.121 ,
27982.432 ,
24165.705 ,
18807.38 ,
15079.115 ,
18829.973 ,
25666.27 ,
27740.664 ,
24517.72 ,
17453.135 ,
17772.426 ,
17832.057 ,
29452.346 ,
26219.39 ,
20634.973 ,
17036.197 ,
16782.672 ,
17321.518 ,
18388.943 ,
18175.385 ,
19149.318 ,
21311.348 ,
17907.031 ,
21176.586 ,
29530.559 ,
33403.508 ,
36211.48 ,
38266.406 ,
42825.6 ,
42646.777 ,
33601.844 ,
36647.305 ,
40310.38 ,
42760.734 ,
43877.33 ,
40698.836 ,
29558.307 ,
29449.365 ,
38579.42 ,
38486.652 ,
51269.664 ,
50654.55 ,
39402.258 ,
32733.938 ,
35839.008 ,
33708.715 ,
31112.344 ,
19709.488 ,
22172.172 ,
36859.0 ,
34677.023 ,
41144.656 ,
40634.85 ,
50657.95 ,
48161.11 ,
47221.33 ,
49724.055 ,
42618.25 ,
43479.47 ,
52855.81 ,
57866.555 ,
68009.14 ,
70451.82 ,
64069.848 ,
53910.86 ,
64808.06 ,
49470.395 ,
65590.76 ,
68166.77 ,
66900.62 ,
78694.96 ,
80692.22 ,
78906.2 ,
72285.875 ,
56027.96 ,
50873.77 ,
65931.766 ,
65843.36 ,
58049.86 ,
67140.22 ,
65945.15 ,
74334.766 ,
68553.67 ,
63198.832 ,
59984.766 ,
67644.85 ,
62247.305 ,
68581.89 ,
55646.71 ,
51944.355 ,
45148.31 ,
40604.918 ,
34894.58 ,
34951.383 ,
35472.387 ,
36832.26 ,
39553.99 ,
40400.492 ,
41171.938 ,
45170.633 ,
40985.04 ,
42783.367 ,
42222.97 ,
43412.02 ,
46382.004 ,
33575.316 ,
33040.59 ,
32536.6 ,
31774.682 ,
53470.773 ,
33642.332 ,
26781.434 ,
24488.666 ,
22960.434 ,
25591.879 ,
35394.906 ,
34032.508 ,
27439.059 ,
50937.734 ,
46192.29 ,
36996.953 ,
30593.705 ,
25625.334 ,
22039.732 ,
19434.78 ,
19359.791 ,
17560.951 ,
15435.546 ,
15819.86 ,
14474.922 ,
12867.269 ,
13515.483 ,
11492.407 ,
11004.621 ,
11187.825 ,
10007.159 ,
9584.035 ,
9813.605 ,
9068.698 ,
7523.8354 ,
7414.4756 ,
8742.765 ,
9018.759 ,
7055.26 ,
9154.781 ,
8728.829 ,
8672.021 ,
9052.279 ,
12723.724 ,
11318.2705 ,
9815.64 ,
8892.425 ,
9427.479 ,
9170.622 ,
8745.376 ,
8779.146 ,
8733.066 ,
8573.86 ,
8773.318 ,
8609.252 ,
9395.836 ,
8365.727 ,
9435.318 ,
8765.793 ,
9548.947 ,
8436.109 ,
8784.246 ,
8780.021 ,
9151.817 ,
9232.163 ,
8156.211 ,
8596.196 ,
8625.2705 ,
7877.578 ,
9520.168 ,
8400.243 ,
8466.748 ,
8432.609 ,
7814.329 ,
7697.133 ,
8473.078 ,
7665.055 ,
7822.2627 ,
8110.9263 ,
7915.3643 ,
7612.623 ,
7026.7183 ,
7185.516 ,
7757.57 ,
7401.113 ,
6812.0054 ,
7352.2036 ,
6889.6826 ,
6756.33 ,
6747.219 ,
7186.276 ,
6658.3115 ,
7074.0728 ,
6980.07 ,
6869.1904 ,
6320.7295 ,
7160.6484 ,
6044.0693 ,
6248.174 ,
6586.1777 ,
7103.214 ,
6580.638 ,
6673.2153 ,
6676.929 ,
6783.175 ,
6533.7544 ,
6501.837 ,
6501.9653 ,
6932.862 ,
6395.1245 ,
6436.8506 ,
6252.821 ,
18250.73 ,
10069.389 ,
6366.9116 ,
6862.6694 ,
6363.744 ,
6919.4995 ,
6866.339 ,
6239.5073 ,
6335.176 ,
6077.9414 ,
5083.8447 ,
6319.659 ,
6165.317 ,
6322.511 ,
6169.581 ,
7170.7544 ,
7368.1733 ,
5518.5747 ,
5936.3 ,
5964.6416 ,
5962.6377 ,
6017.1133 ,
6202.0454 ,
5863.651 ,
5730.427 ,
5310.5386 ,
5576.373 ,
5447.8403 ,
5459.0127 ,
6145.2153 ,
6001.468 ,
6267.0405 ,
6184.143 ,
6486.16 ,
5830.2095 ,
5917.731 ,
5749.4756 ,
5669.6567 ,
6162.385 ,
6672.6245 ,
6946.6816 ,
6025.496 ,
6017.2246 ,
5930.329 ,
5246.9917 ,
6108.3447 ,
7328.4907 ,
14316.989 ,
9919.003 ,
7140.871 ,
6452.794 ,
6414.577 ,
5483.0767 ,
6272.6196 ,
6474.3257 ,
6359.3374 ,
5637.2944 ,
6557.6807 ,
6211.6187 ,
5730.9067 ,
5530.249 ,
6843.439 ,
7016.3496 ,
12176.171 ,
12269.13 ,
9652.184 ,
6710.8325 ,
7090.4023 ,
6799.2383 ,
7925.639 ,
7546.509 ,
6644.3936 ,
6213.5063 ,
6873.38 ,
7510.1484 ,
7019.806 ,
7046.1885 ,
8403.344 ,
7631.343 ,
8065.055 ,
7996.609 ,
6080.096 ,
7419.433 ,
6889.949 ,
6779.501 ,
7679.1016 ,
8863.416 ,
8770.439 ,
8757.415 ,
11888.376 ,
9453.757 ,
8598.617 ,
9300.465 ,
7349.4805 ,
7946.3354 ,
6701.992 ,
7100.069 ,
5645.8193 ,
6201.921 ,
7083.8813 ,
6086.333 ,
6291.6104 ,
7381.6245 ,
7449.987 ,
8274.171 ,
7874.015 ,
8656.788 ,
9364.282 ,
12470.689 ,
14616.17 ,
14129.663 ,
9681.025 ,
9198.692 ,
7946.9307 ,
8902.606 ,
10149.999 ,
10657.371 ,
13131.718 ,
14726.592 ,
16849.322 ,
17545.44 ,
17964.732 ,
17446.666 ,
17947.605 ,
17457.531 ,
18244.34 ,
18967.926 ,
21604.3 ,
22649.723 ,
19140.559 ,
18903.154 ,
20979.453 ,
20306.107 ,
21033.316 ,
22783.68 ,
22395.154 ,
21696.041 ,
21121.787 ,
25575.371 ,
25465.89 ,
27915.988 ,
32107.83 ,
30429.975 ,
26760.777 ,
22560.436 ,
22729.566 ,
27142.55 ,
26004.434 ,
33485.336 ,
26453.502 ,
30100.67 ,
31632.574 ,
27890.238 ,
32301.492 ,
25198.598 ,
18759.78 ,
13730.398 ,
13851.215 ,
17019.166 ,
17491.145 ,
16913.857 ,
17734.598 ,
16598.95 ,
16399.297 ,
22710.357 ,
26371.756 ,
29872.58 ,
35501.473 ,
36591.8 ,
42585.26 ,
35917.92 ,
31723.277 ,
34401.633 ,
34985.85 ,
39338.32 ,
45934.4 ,
46044.723 ,
51473.18 ,
52964.06 ,
48859.09 ,
53969.14 ,
48238.38 ,
38607.906 ,
40475.66 ,
32726.121 ,
39630.367 ,
34565.457 ,
31837.768 ,
35525.418 ,
37456.777 ,
40429.035 ,
42505.703 ,
35882.9 ,
31202.363 ,
31695.148 ,
33706.855 ,
39007.586 ,
51582.062 ,
34752.934 ,
32182.12 ,
35150.223 ,
36226.83 ,
34288.527 ,
39563.984 ,
39090.887 ,
45803.164 ,
50768.742 ,
67215.62 ,
56968.56 ,
62544.656 ,
48012.36 ,
38556.984 ,
37059.902 ,
37779.215 ,
37105.71 ,
33882.168 ,
33703.57 ,
39286.54 ,
37023.74 ,
38164.047 ,
38489.69 ,
54238.14 ,
39805.84 ,
44717.414 ,
41933.36 ,
58997.832 ,
68586.766 ,
43271.504 ,
72638.97 ,
71493.26 ,
50712.824 ,
52861.566 ,
45871.6 ,
41402.598 ,
39577.766 ,
39500.867 ,
42126.72 ,
41413.0 ,
38544.33 ,
37832.48 ,
47302.094 ,
40022.21 ,
36780.113 ,
34923.293 ,
37681.53 ,
40386.9 ,
40327.918 ,
35159.613 ,
31857.021 ,
32630.95 ,
29941.184 ,
30852.209 ,
37945.348 ,
51942.31 ,
37098.215 ,
36469.29 ,
35835.66 ,
33503.965 ,
32471.639 ,
36234.137 ,
30963.363 ,
29347.701 ,
22815.133 ,
20614.746 ,
19391.004 ,
17267.914 ,
18163.953 ,
16939.746 ,
16316.668 ,
13355.446 ,
13858.613 ,
13236.722 ,
11953.638 ,
12010.923 ,
10994.004 ,
10357.435 ,
11322.994 ,
11424.674 ,
11225.564 ,
12711.023 ,
10578.503 ,
10008.433 ,
13647.483 ,
8183.7886 ,
7946.4243 ,
8632.268 ,
8413.161 ,
7713.485 ,
7725.004 ,
7692.9614 ,
7836.256 ,
8505.986 ,
8617.257 ,
8283.108 ,
8507.217 ,
7937.8643 ,
8753.563 ,
8192.775 ,
8248.837 ,
8091.687 ,
8174.504 ,
7989.2393 ,
7751.4575 ,
8704.503 ,
7594.996 ,
8936.519 ,
7372.9224 ,
8318.874 ,
7660.493 ,
7576.765 ,
7789.421 ,
7781.287 ,
7515.2573 ,
7425.9673 ,
7658.3784 ,
7605.791 ,
7653.523 ,
7432.427 ,
7092.8594 ,
7439.1523 ,
6879.461 ,
7343.1323 ,
7049.4316 ,
6284.1387 ,
6533.959 ,
6750.5776 ,
6342.5723 ,
7337.3843 ,
7059.169 ,
6484.9385 ,
6375.5693 ,
7254.94 ,
7362.563 ,
6215.2524 ,
6543.6787 ,
6174.73 ,
7322.0273 ,
6674.6943 ,
6768.3774 ,
6568.6484 ,
5483.632 ,
6618.6953 ,
6732.386 ,
8370.084 ,
6149.067 ,
7220.37 ,
6256.841 ,
6379.7495 ,
6918.358 ,
6576.436 ,
6240.6396 ,
6219.7656 ,
5949.573 ,
6380.776 ,
5589.047 ,
6124.217 ,
5659.9814 ,
6338.636 ,
5602.6895 ,
6275.183 ,
5712.1113 ,
5867.258 ,
6028.3745 ,
5762.86 ,
5915.532 ,
5715.834 ,
5601.019 ,
5951.2256 ,
5530.0757 ,
5364.7124 ,
5558.6396 ,
5346.2856 ,
5333.3096 ,
8865.7705 ,
4583.9116 ,
6757.0723 ,
5995.3774 ,
5444.4375 ,
5970.2163 ,
6133.288 ,
5986.773 ,
9232.756 ,
7904.1606 ,
6870.039 ,
6605.9326 ,
6888.5103 ,
6321.809 ,
6106.883 ,
5779.576 ,
6367.298 ,
6014.057 ,
6153.327 ,
5712.547 ,
5295.857 ,
5929.2544 ,
5581.4106 ,
4906.185 ,
5387.1367 ,
5304.8257 ,
5021.591 ,
5174.863 ,
5663.095 ,
4665.827 ,
4936.1304 ,
4944.7573 ,
